{
  "trained_from": {
    "year": 2008,
    "n_respondents": 32800,
    "weighted_turnout_rate": 0.6188646294282156
  },
  "generated_at": "2026-05-05T18:53:47.030Z",
  "joint": {
    "45-64|HS or less|White": {
      "rate": 0.5726087026748145,
      "weighted_n": 3835.1319141651825
    },
    "65+|HS or less|White": {
      "rate": 0.7519361581345916,
      "weighted_n": 2096.2889018280207
    },
    "45-64|Post-grad|White": {
      "rate": 0.7495359614121377,
      "weighted_n": 1120.5456269802455
    },
    "30-44|Some college|White": {
      "rate": 0.7133060289521995,
      "weighted_n": 1585.2785881091486
    },
    "65+|Post-grad|White": {
      "rate": 0.7553786475717,
      "weighted_n": 521.9144079449768
    },
    "30-44|College|White": {
      "rate": 0.731513361781859,
      "weighted_n": 1171.1253170890784
    },
    "45-64|College|White": {
      "rate": 0.7640568029490716,
      "weighted_n": 1638.250955970505
    },
    "45-64|Some college|White": {
      "rate": 0.719165381392003,
      "weighted_n": 2471.122699983967
    },
    "18-29|Some college|White": {
      "rate": 0.5433466829700798,
      "weighted_n": 2029.5811431782772
    },
    "18-29|College|White": {
      "rate": 0.6402549445932318,
      "weighted_n": 788.1993860089917
    },
    "65+|Some college|White": {
      "rate": 0.7987576984194591,
      "weighted_n": 963.4006794706845
    },
    "30-44|Post-grad|White": {
      "rate": 0.73986019157914,
      "weighted_n": 543.3246551719345
    },
    "18-29|College|Hispanic": {
      "rate": 0.6563576880052904,
      "weighted_n": 91.12730791414161
    },
    "18-29|College|Asian": {
      "rate": 0.36839248359443677,
      "weighted_n": 54.12464828843378
    },
    "30-44|College|Other": {
      "rate": 0.7085538953159093,
      "weighted_n": 58.21088319272362
    },
    "45-64|Some college|Hispanic": {
      "rate": 0.7087559892385465,
      "weighted_n": 232.62871661687757
    },
    "45-64|Post-grad|Asian": {
      "rate": 0.6421004989957464,
      "weighted_n": 18.12587094116988
    },
    "30-44|HS or less|Asian": {
      "rate": 0.32020803653472063,
      "weighted_n": 23.517135401594466
    },
    "30-44|Some college|Hispanic": {
      "rate": 0.6543933867640449,
      "weighted_n": 276.9191950238252
    },
    "30-44|College|Hispanic": {
      "rate": 0.6093974363142389,
      "weighted_n": 121.48882432750267
    },
    "65+|College|White": {
      "rate": 0.7669239303919826,
      "weighted_n": 603.6111931515802
    },
    "65+|Some college|Hispanic": {
      "rate": 0.7849678106917621,
      "weighted_n": 68.59475143400262
    },
    "30-44|HS or less|White": {
      "rate": 0.5097594602590051,
      "weighted_n": 2417.545541101839
    },
    "45-64|Some college|Other": {
      "rate": 0.6059104759895296,
      "weighted_n": 146.11858953336292
    },
    "18-29|HS or less|White": {
      "rate": 0.43896231646525585,
      "weighted_n": 2213.8984943519313
    },
    "65+|Some college|Other": {
      "rate": 0.6782194925010586,
      "weighted_n": 44.767283754119475
    },
    "65+|HS or less|Other": {
      "rate": 0.7145401691259701,
      "weighted_n": 59.30363489823841
    },
    "45-64|Post-grad|Other": {
      "rate": 0.7354573293281075,
      "weighted_n": 64.62690882497961
    },
    "18-29|Post-grad|White": {
      "rate": 0.594328982354199,
      "weighted_n": 190.66047590353372
    },
    "45-64|College|Black": {
      "rate": 0.6887469066262109,
      "weighted_n": 120.27021927478724
    },
    "45-64|HS or less|Hispanic": {
      "rate": 0.5299942092162133,
      "weighted_n": 439.7157906196276
    },
    "45-64|College|Hispanic": {
      "rate": 0.7917414541166524,
      "weighted_n": 68.7945524325345
    },
    "30-44|Some college|Black": {
      "rate": 0.6500192183161633,
      "weighted_n": 436.3240356670959
    },
    "18-29|Some college|Hispanic": {
      "rate": 0.5584039770918503,
      "weighted_n": 314.824768203292
    },
    "45-64|College|Other": {
      "rate": 0.6994269452948799,
      "weighted_n": 96.90591604038104
    },
    "45-64|Some college|Black": {
      "rate": 0.6476019858838532,
      "weighted_n": 477.8457304634434
    },
    "30-44|HS or less|Black": {
      "rate": 0.49199725083951656,
      "weighted_n": 563.206017649928
    },
    "30-44|Some college|Other": {
      "rate": 0.7235319125085842,
      "weighted_n": 111.46079242951063
    },
    "30-44|Post-grad|Asian": {
      "rate": 0.42508840377859,
      "weighted_n": 31.144908734318037
    },
    "30-44|Post-grad|Black": {
      "rate": 0.57952515309499,
      "weighted_n": 51.51681168053074
    },
    "45-64|College|Asian": {
      "rate": 0.6750123390191755,
      "weighted_n": 27.711375315957294
    },
    "30-44|College|Black": {
      "rate": 0.6173568790632551,
      "weighted_n": 197.4167876420839
    },
    "18-29|Some college|Other": {
      "rate": 0.5382200067014888,
      "weighted_n": 141.90445944261074
    },
    "18-29|HS or less|Hispanic": {
      "rate": 0.24338031010249792,
      "weighted_n": 614.8301234825608
    },
    "18-29|HS or less|Black": {
      "rate": 0.3439282660802057,
      "weighted_n": 481.87458930574456
    },
    "18-29|College|Other": {
      "rate": 0.6306473352930354,
      "weighted_n": 27.29173777847645
    },
    "18-29|HS or less|Other": {
      "rate": 0.39649320520848563,
      "weighted_n": 215.2736408882478
    },
    "45-64|HS or less|Black": {
      "rate": 0.6585545856005519,
      "weighted_n": 633.6236250175816
    },
    "30-44|HS or less|Hispanic": {
      "rate": 0.38449110839573647,
      "weighted_n": 501.97483116310406
    },
    "45-64|Some college|Asian": {
      "rate": 0.5163333871368645,
      "weighted_n": 18.15146078295366
    },
    "30-44|College|Asian": {
      "rate": 0.5978068679800056,
      "weighted_n": 26.81238162863083
    },
    "45-64|HS or less|Other": {
      "rate": 0.5344912266935447,
      "weighted_n": 150.34845200587432
    },
    "65+|Post-grad|Black": {
      "rate": 0.7664673258824481,
      "weighted_n": 27.543858495173897
    },
    "65+|HS or less|Black": {
      "rate": 0.7321385520833651,
      "weighted_n": 112.8770379178845
    },
    "18-29|Post-grad|Hispanic": {
      "rate": 0.41302699709764656,
      "weighted_n": 17.582054432665675
    },
    "65+|Post-grad|Other": {
      "rate": 0.644012655229278,
      "weighted_n": 24.79064274542849
    },
    "30-44|Some college|Asian": {
      "rate": 0.535658150612227,
      "weighted_n": 24.02353256811161
    },
    "30-44|Post-grad|Hispanic": {
      "rate": 0.5215354560106213,
      "weighted_n": 21.46797132812428
    },
    "65+|HS or less|Hispanic": {
      "rate": 0.6557790028544452,
      "weighted_n": 57.558035526460685
    },
    "18-29|Some college|Black": {
      "rate": 0.6483345590118322,
      "weighted_n": 431.55114416520934
    },
    "18-29|College|Black": {
      "rate": 0.5145477011495682,
      "weighted_n": 121.47397489479016
    },
    "30-44|HS or less|Other": {
      "rate": 0.5053250471301234,
      "weighted_n": 158.79741206602407
    },
    "45-64|Post-grad|Hispanic": {
      "rate": 0.9197760826719353,
      "weighted_n": 17.311605744801902
    },
    "65+|Some college|Black": {
      "rate": 0.8257747297423815,
      "weighted_n": 102.76434497859034
    },
    "30-44|Post-grad|Other": {
      "rate": 0.6423580825785269,
      "weighted_n": 15.321481014820032
    },
    "65+|College|Other": {
      "rate": 0.7871273836510777,
      "weighted_n": 20.99677600399843
    },
    "45-64|Post-grad|Black": {
      "rate": 0.7401189357729553,
      "weighted_n": 56.045669073541916
    },
    "65+|College|Black": {
      "rate": 0.5457365948394922,
      "weighted_n": 46.21498105899415
    },
    "45-64|HS or less|Asian": {
      "rate": 0.46125740806439397,
      "weighted_n": 32.58614727485025
    },
    "65+|Post-grad|Asian": {
      "rate": 0.4303566075003098,
      "weighted_n": 10.78094483271512
    },